number,category,concept,question,choice1,choice2,choice3,choice4,answer,explanation,translation,hint
1,빈칸추론형,핵심 주장 빈칸 추론,"In a courtroom, a witness may remember the central event clearly but forget minor details. This does not always mean the testimony is false; memory often preserves meaning better than exact surroundings. Therefore, a judge should evaluate testimony by considering whether the main account remains ______ with other evidence.",consistent,convenient,temporary,decorative,1,중심 진술이 다른 증거와 일관되는지를 보아야 하므로 consistent가 적절하다.,법정에서 증인은 중심 사건은 분명히 기억할 수 있지만 사소한 세부 사항은 잊을 수 있다. 이것이 항상 그 증언이 거짓이라는 뜻은 아니다. 기억은 정확한 주변 상황보다 의미를 더 잘 보존하는 경우가 많다. 그러므로 판사는 주요 진술이 다른 증거와 일관되게 유지되는지를 고려하여 증언을 평가해야 한다.,testimony와 evidence의 관계를 묻는다. 핵심은 세부 기억이 아니라 전체 진술의 일관성이다.
2,빈칸추론형,문맥상 추론,Digital records are useful because they can be searched and copied quickly. Yet the same convenience may create risks when personal information is stored without limits. A public institution should therefore balance efficiency with ______.,faster entertainment,privacy protection,physical strength,random selection,2,개인정보 저장의 위험을 말하므로 효율성과 개인정보 보호의 균형이 핵심이다.,디지털 기록은 빠르게 검색하고 복사할 수 있기 때문에 유용하다. 그러나 개인정보가 제한 없이 저장될 때 그와 같은 편리함은 위험을 만들 수도 있다. 그러므로 공공기관은 효율성과 개인정보 보호 사이의 균형을 맞추어야 한다.,efficiency와 대조되는 공적 가치가 무엇인지 보라.
3,빈칸추론형,원인·결과 빈칸,"A rule that looks neutral on paper may still harm a particular group if it is applied without considering real circumstances. For that reason, modern legal reasoning often asks not only what a rule says, but also what ______ it produces.",ancient decorations,musical rhythms,practical consequences,private hobbies,3,규칙의 문언뿐 아니라 실제 결과를 따진다는 내용이므로 practical consequences가 맞다.,서류상으로는 중립적으로 보이는 규칙도 실제 상황을 고려하지 않고 적용되면 특정 집단에 해를 끼칠 수 있다. 그러한 이유로 현대의 법적 추론은 규칙이 무엇을 말하는지만이 아니라 그것이 어떤 실제적 결과를 만들어 내는지도 묻는 경우가 많다.,"not only what a rule says, but also what 다음에는 실제 영향이 온다."
4,빈칸추론형,대조 구조 빈칸,"Some citizens think transparency means publishing every document immediately. However, responsible transparency sometimes requires delay, because premature disclosure may damage an investigation or expose private data. In this sense, transparency is not the same as ______.",careful review,public trust,lawful access,unlimited disclosure,4,투명성이 무제한 공개와 같지 않다는 대조가 핵심이다.,일부 시민들은 투명성이 모든 문서를 즉시 공개하는 것을 의미한다고 생각한다. 그러나 책임 있는 투명성은 때때로 지연을 필요로 한다. 성급한 공개가 수사에 해를 끼치거나 개인정보를 노출할 수 있기 때문이다. 이런 의미에서 투명성은 무제한 공개와 같은 것이 아니다.,not the same as 뒤에는 앞 문장의 오해를 바로잡는 표현이 온다.
5,빈칸추론형,어휘 빈칸,A contract signed under serious threat cannot be treated as a free agreement. The law protects genuine consent and refuses to reward pressure that destroys a party’s ability to choose. Such a contract may be challenged because the consent was obtained by ______.,coercion,nutrition,translation,celebration,1,serious threat와 pressure가 단서이므로 coercion이 적절하다.,"심각한 위협 아래 체결된 계약은 자유로운 합의로 취급될 수 없다. 법은 진정한 동의를 보호하며, 당사자의 선택 능력을 파괴하는 압력을 보상하지 않는다. 그러한 계약은 동의가 강압에 의해 얻어졌기 때문에 다투어질 수 있다.","threat, pressure, consent가 함께 나오면 강압을 떠올린다."
6,빈칸추론형,주제 빈칸,"When people read a long legal notice, they often skip technical phrases and remember only the simple warning at the end. This shows that communication is effective not when it is merely complete, but when it is ______ to the intended reader.",expensive,understandable,invisible,aggressive,2,독자가 이해할 수 있어야 효과적이라는 내용이다.,"사람들이 긴 법적 안내문을 읽을 때, 그들은 흔히 전문적인 표현은 건너뛰고 끝부분의 간단한 경고만 기억한다. 이것은 의사소통이 단지 완전할 때가 아니라 의도된 독자가 이해할 수 있을 때 효과적이라는 점을 보여 준다.",complete와 대비되는 실질적 전달 가능성을 묻는다.
7,빈칸추론형,논리적 연결,"A city installed cameras at every intersection to reduce accidents. The number of violations decreased, but residents began to worry that ordinary movement was being constantly recorded. The case illustrates the tension between public safety and ______.",seasonal tourism,food supply,individual liberty,athletic training,3,감시와 이동 기록에 대한 우려는 개인의 자유와 관련된다.,"한 도시는 사고를 줄이기 위해 모든 교차로에 카메라를 설치했다. 위반 건수는 줄었지만, 주민들은 평범한 이동이 계속 기록되고 있다는 점을 걱정하기 시작했다. 이 사례는 공공 안전과 개인의 자유 사이의 긴장을 보여 준다.",safety의 상대 가치로 자유·사생활을 생각하라.
8,빈칸추론형,문맥상 어휘,"The researcher did not claim that one study proved everything. Instead, she described her findings as a starting point that should be tested again in different populations. Her attitude was cautious rather than ______.",tentative,limited,preliminary,conclusive,4,one study proved everything이 아니라 조심스럽다는 대조이므로 conclusive가 적절하다.,그 연구자는 하나의 연구가 모든 것을 증명한다고 주장하지 않았다. 대신 그녀는 자신의 연구 결과를 다른 집단에서 다시 검증되어야 할 출발점으로 설명했다. 그녀의 태도는 확정적이라기보다 조심스러운 것이었다.,rather than 뒤에는 앞의 cautious와 대비되는 확정적 태도가 온다.
9,빈칸추론형,추론형 빈칸,"A fair procedure does not guarantee that every person will like the outcome. It means that each side has a meaningful opportunity to present arguments before a neutral decision maker. Thus, fairness is mainly connected with the ______ of decision-making.",process,decoration,weather,ownership,1,공정성은 결과 선호가 아니라 절차와 관련된다는 내용이다.,공정한 절차는 모든 사람이 그 결과를 좋아할 것임을 보장하지 않는다. 그것은 각 당사자가 중립적인 결정권자 앞에서 자신의 주장을 의미 있게 제시할 기회를 가진다는 뜻이다. 따라서 공정성은 주로 의사결정의 절차와 관련되어 있다.,"opportunity, neutral decision maker는 절차적 공정성을 가리킨다."
10,빈칸추론형,법률 어휘,"A statute may remain formally valid for years, but if society changes greatly, courts may need to interpret its words in a way that fits new conditions. Legal meaning is therefore not always frozen at the moment of ______.",punishment,enactment,migration,nutrition,2,statute가 만들어진 시점을 말하므로 enactment가 적절하다.,법률은 형식적으로는 수년 동안 유효하게 남아 있을 수 있다. 그러나 사회가 크게 변화하면 법원은 그 법률의 문구를 새로운 조건에 맞는 방식으로 해석할 필요가 있을 수 있다. 그러므로 법적 의미가 항상 제정의 순간에 고정되어 있는 것은 아니다.,statute와 moment of가 함께 나오면 제정 시점을 묻는 경우가 많다.
11,어법오류찾기,수일치,"다음 문장에서 어법상 틀린 부분을 고르시오.
The evidence collected from several witnesses (1) was reviewed carefully, and the judge (2) noted that each statement (3) support the same basic timeline, although minor details (4) differed.",(2) noted,(3) support,(1) was,(4) differed,3,주어 each statement는 단수이므로 supports가 되어야 한다. 정답 위치의 표현 support가 틀렸다.,"여러 증인으로부터 수집된 증거는 신중하게 검토되었고, 판사는 사소한 세부 사항은 달랐지만 각 진술이 같은 기본 시간표를 뒷받침한다고 언급했다.",each가 주어이면 단수동사를 쓴다.
12,어법오류찾기,분사구문,"다음 문장에서 어법상 틀린 부분을 고르시오.
(1) Having reviewed the file, the clerk (2) discovered several missing pages and (3) immediately reported them to the supervisor, (4) who responsible for record management.",(1) Having reviewed,(2) discovered,(3) immediately reported,(4) who responsible,4,who was responsible 또는 who is responsible이 되어야 한다. 관계절에 동사가 빠져 있다.,"그 서류를 검토한 후, 직원은 누락된 페이지 여러 장을 발견했고 그것들을 기록 관리를 담당하는 감독자에게 즉시 보고했다.",관계대명사 뒤에 완전한 절이 되는지 확인한다.
13,어법오류찾기,관계대명사와 전치사,"다음 문장에서 어법상 틀린 부분을 고르시오.
The committee discussed the conditions (1) under which the agreement had been signed, (2) whether both parties understood the terms, and (3) what the document should be revised before approval (4) was granted.",(3) what,(1) under which,(2) whether,(4) was granted,1,revise의 목적어가 아니라 how 또는 whether the document should be revised가 필요하다. what은 문맥상 부적절하다.,"위원회는 그 합의가 체결된 조건, 양측이 그 조건을 이해했는지 여부, 그리고 승인이 내려지기 전에 그 문서가 어떻게 수정되어야 하는지를 논의했다.",what 뒤의 구조가 의미상 맞는지 보라. 문서 자체가 무엇인지가 아니라 수정 방식이다.
14,어법오류찾기,병렬구조,"다음 문장에서 어법상 틀린 부분을 고르시오.
The new policy aims (1) to reduce delays, (2) to make forms simpler, and (3) giving citizens clearer information about (4) how to appeal.",(1) to reduce,(3) giving,(2) to make,(4) how to appeal,2,"aims to reduce, to make, to give로 병렬이 맞아야 한다. giving은 to give로 고쳐야 한다.","새 정책은 지연을 줄이고, 양식을 더 단순하게 만들며, 시민들에게 항소 방법에 대한 더 명확한 정보를 제공하는 것을 목표로 한다.",to reduce / to make와 같은 병렬 구조를 찾는다.
15,어법오류찾기,가정법·조건절,"다음 문장에서 어법상 틀린 부분을 고르시오.
If the defendant (1) had received proper notice, he (2) would have appeared at the hearing; however, the notice (3) was sent to an old address that (4) no longer existing.",(1) had received,(2) would have appeared,(4) no longer existing,(3) was sent,3,address를 수식하려면 no longer existed 또는 was no longer in use가 되어야 한다.,피고가 적절한 통지를 받았더라면 그는 심리에 출석했을 것이다. 그러나 그 통지는 더 이상 존재하지 않는 오래된 주소로 보내졌다.,that 뒤에 동사가 있는지 확인한다.
16,어법오류찾기,동명사 목적어,"다음 문장에서 어법상 틀린 부분을 고르시오.
The witness admitted (1) signing the document but denied (2) to understand its legal effect when she (3) placed her initials (4) beside the clause.",(1) signing,(3) placed,(4) beside,(2) to understand,4,deny는 보통 동명사를 목적어로 취하므로 denied understanding이 되어야 한다.,"그 증인은 문서에 서명한 것은 인정했지만, 그 조항 옆에 자신의 이니셜을 적었을 때 그 문서의 법적 효과를 이해했다는 점은 부인했다.","admit, deny, avoid, finish 등은 동명사 목적어를 취한다."
17,어법오류찾기,수동태,"다음 문장에서 어법상 틀린 부분을 고르시오.
The final report (1) was expected (2) to release by Friday, but several sections (3) were still being checked by experts (4) outside the agency.",(2) to release,(1) was expected,(3) were still being checked,(4) outside,1,보고서가 공개되는 것이므로 to be released가 되어야 한다.,"최종 보고서는 금요일까지 공개될 것으로 예상되었지만, 몇몇 부분은 기관 외부의 전문가들에 의해 여전히 검토되고 있었다.",주어가 행위자인지 행위의 대상인지 보라.
18,어법오류찾기,형용사·부사,"다음 문장에서 어법상 틀린 부분을 고르시오.
Because the instructions were (1) unusually complex, applicants had to read them (2) careful before (3) submitting the form (4) online.",(1) unusually,(2) careful,(3) submitting,(4) online,2,동사 read를 수식하므로 부사 carefully가 필요하다.,지시 사항이 유난히 복잡했기 때문에 지원자들은 양식을 온라인으로 제출하기 전에 그것들을 신중하게 읽어야 했다.,동사를 수식하는 자리는 형용사가 아니라 부사이다.
19,어법오류찾기,접속사와 전치사,"다음 문장에서 어법상 틀린 부분을 고르시오.
(1) Although the rule was clear, the agency delayed its response (2) because of it needed more data, and the delay (3) caused confusion among (4) many applicants.",(1) Although,(3) caused,(2) because of it needed,(4) many applicants,3,"because of 뒤에는 명사구가 오고, 절이 오려면 because it needed가 되어야 한다.","그 규칙은 명확했지만, 그 기관은 더 많은 자료가 필요했기 때문에 응답을 지연했고, 그 지연은 많은 지원자들 사이에 혼란을 일으켰다.",because와 because of의 차이를 묻는 전형 문제이다.
20,어법오류찾기,비교구문,"다음 문장에서 어법상 틀린 부분을 고르시오.
The revised form is (1) easier to complete (2) than the previous one, but it still requires (3) more informations than (4) most applicants expect.",(1) easier,(2) than,(4) most applicants,(3) more informations,4,information은 불가산명사이므로 more information이 맞다.,"수정된 양식은 이전 양식보다 작성하기 더 쉽지만, 여전히 대부분의 지원자들이 예상하는 것보다 더 많은 정보를 요구한다.","information, evidence, advice 등은 보통 불가산명사로 쓴다."
21,어휘·독해형,문맥상 어휘,"다음 문장에서 빈칸에 들어갈 가장 적절한 어휘를 고르시오.
The court found that the witness had no reason to lie and that her account was supported by phone records. Her testimony was therefore considered ______.",credible,fragile,irrelevant,optional,1,거짓말할 이유가 없고 기록으로 뒷받침되므로 credible이 적절하다.,법원은 그 증인이 거짓말을 할 이유가 없고 그녀의 진술이 전화 기록에 의해 뒷받침된다는 점을 확인했다. 따라서 그녀의 증언은 신뢰할 수 있는 것으로 여겨졌다.,supported by records는 신뢰성을 높이는 근거이다.
22,어휘·독해형,법률 어휘,"다음 문장에서 빈칸에 들어갈 가장 적절한 어휘를 고르시오.
The mayor promised to ______ the new safety regulation, but some officials doubted whether the city had enough inspectors to check violations.",decorate,enforce,translate,postpone,2,규정을 실제로 집행한다는 의미이므로 enforce가 맞다.,"시장은 새로운 안전 규정을 집행하겠다고 약속했지만, 일부 공무원들은 그 도시가 위반 사항을 점검할 충분한 조사관을 가지고 있는지 의심했다.",regulation과 violations가 나오면 enforce를 떠올린다.
23,어휘·독해형,문맥상 낱말,"다음 문장에서 밑줄 친 의미에 가장 가까운 말을 고르시오.
The committee decided to postpone the vote because the proposal remained controversial among residents.",approve,summarize,delay,predict,3,"postpone은 연기하다, delay와 의미가 가깝다.",위원회는 그 제안이 주민들 사이에서 여전히 논란이 되고 있었기 때문에 표결을 연기하기로 결정했다.,postpone은 일정을 뒤로 미루는 뜻이다.
24,어휘·독해형,반의어 추론,"다음 문장에서 빈칸에 들어갈 가장 적절한 어휘를 고르시오.
The witness first gave a vague answer, but after the judge asked a more specific question, she provided a ______ description of the event.",vague,careless,irrelevant,precise,4,vague와 대조되므로 precise가 적절하다.,"그 증인은 처음에는 모호한 대답을 했지만, 판사가 더 구체적인 질문을 하자 그 사건에 대한 정확한 설명을 제공했다.",but 이후에는 앞의 vague와 반대되는 뜻이 온다.
25,어휘·독해형,문맥상 어휘,"다음 문장에서 빈칸에 들어갈 가장 적절한 어휘를 고르시오.
A public apology may be meaningful only when it is accompanied by concrete steps to prevent the same harm from recurring; otherwise, it may seem merely ______.",symbolic,mechanical,nutritious,geographical,1,실질적 조치가 없으면 상징적 제스처에 그친다는 의미이다.,공개 사과는 같은 피해가 재발하는 것을 막기 위한 구체적인 조치가 수반될 때에만 의미가 있을 수 있다. 그렇지 않으면 그것은 단지 상징적인 것으로 보일 수 있다.,concrete steps와 대조되는 말을 고른다.
26,어휘·독해형,법률 어휘,"다음 문장에서 빈칸에 들어갈 가장 적절한 어휘를 고르시오.
Before the trial began, the attorney tried to ______ several documents that had been obtained illegally.",expand,exclude,celebrate,consume,2,불법적으로 확보된 문서를 증거에서 배제한다는 의미이다.,"재판이 시작되기 전에, 그 변호사는 불법적으로 확보된 여러 문서를 증거에서 배제하려고 했다.",illegally obtained documents는 증거배제와 연결된다.
27,어휘·독해형,문맥상 어휘,"다음 문장에서 빈칸에 들어갈 가장 적절한 어휘를 고르시오.
The new app promised convenience, but users complained that its privacy policy was too ______ for ordinary people to understand.",transparent,edible,ambiguous,generous,3,일반인이 이해하기 어렵다는 점에서 모호하다는 의미가 맞다.,"그 새 앱은 편리함을 약속했지만, 이용자들은 그 앱의 개인정보 처리방침이 일반 사람들이 이해하기에는 너무 모호하다고 불평했다.",too ~ to understand 구조에서 부정적 성질을 찾는다.
28,어휘·독해형,어휘 구별,"다음 문장에서 빈칸에 들어갈 가장 적절한 어휘를 고르시오.
The court did not abolish the old rule entirely; it only ______ its application to cases involving minors.",magnified,ignored,invented,limited,4,규칙을 없앤 것이 아니라 적용 범위를 제한했다는 뜻이다.,법원은 그 오래된 규칙을 완전히 폐지하지는 않았다. 그것은 미성년자가 관련된 사건에 대한 그 규칙의 적용만 제한했다.,not abolish entirely가 결정적 단서이다.
29,어휘·독해형,문맥상 어휘,"다음 문장에서 빈칸에 들어갈 가장 적절한 어휘를 고르시오.
Because the two reports reached opposite conclusions from the same data, the agency ordered an ______ review by outside experts.",independent,identical,immediate,impossible,1,상반된 결론 때문에 외부 전문가의 독립적 검토가 필요하다는 의미이다.,"두 보고서가 같은 자료에서 반대되는 결론에 도달했기 때문에, 그 기관은 외부 전문가들에 의한 독립적인 검토를 지시했다.",outside experts는 independent와 연결된다.
30,어휘·독해형,문맥상 낱말,"다음 문장에서 빈칸에 들어갈 가장 적절한 어휘를 고르시오.
The judge warned that a right written in the Constitution would have little value if citizens had no practical way to ______ it.",polish,exercise,evaporate,misplace,2,권리를 실제로 행사한다는 표현은 exercise a right이다.,판사는 시민들이 그것을 실제로 행사할 실질적인 방법이 없다면 헌법에 쓰인 권리는 거의 가치가 없을 것이라고 경고했다.,right와 함께 쓰이는 동사 collocation을 묻는다.
31,순서배열형,글의 순서,"주어진 글 다음에 이어질 글의 순서로 가장 적절한 것은?
A city wanted to reduce the number of traffic accidents near schools. Officials first assumed that adding more signs would be enough.
(A) However, a later survey showed that drivers often failed to notice signs when the street was crowded.
(B) The city therefore redesigned the road, narrowing lanes and raising crosswalks so that cars naturally slowed down.
(C) After the redesign, average vehicle speed dropped and parents reported feeling safer.",(B) - (C) - (A),(C) - (A) - (B),(A) - (B) - (C),(B) - (A) - (C),3,문제점 발견(A) → 해결책 설계(B) → 결과(C)의 흐름이다.,"한 도시는 학교 근처의 교통사고 수를 줄이기를 원했다. 공무원들은 처음에는 표지판을 더 추가하는 것만으로 충분할 것이라고 생각했다. (A) 그러나 나중의 조사에서, 도로가 혼잡할 때 운전자들이 표지판을 알아차리지 못하는 경우가 많다는 것이 드러났다. (B) 그래서 그 도시는 차선 폭을 좁히고 횡단보도를 높여 자동차가 자연스럽게 속도를 줄이도록 도로를 재설계했다. (C) 재설계 후 평균 차량 속도는 낮아졌고, 학부모들은 더 안전하다고 느낀다고 말했다.",However로 기존 가정의 문제를 제시한 뒤 therefore가 해결책을 이끈다.
32,순서배열형,논리 전개,"주어진 글 다음에 이어질 글의 순서로 가장 적절한 것은?
Many people believe that online reviews simply reflect the quality of a product. The reality is more complicated.
(A) People with extreme experiences are more likely to post comments than those with ordinary experiences.
(B) As a result, reviews may overrepresent both strong praise and severe dissatisfaction.
(C) Consumers should therefore read reviews as useful signals, not as perfect measurements.",(C) - (A) - (B),(B) - (C) - (A),(A) - (C) - (B),(A) - (B) - (C),4,극단적 경험자의 리뷰 경향(A) → 리뷰 왜곡(B) → 소비자의 태도(C) 순서이다.,많은 사람들은 온라인 리뷰가 단순히 제품의 품질을 반영한다고 믿는다. 현실은 더 복잡하다. (A) 극단적인 경험을 한 사람들은 평범한 경험을 한 사람들보다 댓글을 게시할 가능성이 더 높다. (B) 그 결과 리뷰는 강한 칭찬과 심한 불만을 모두 과도하게 대표할 수 있다. (C) 그러므로 소비자들은 리뷰를 완벽한 측정값이 아니라 유용한 신호로 읽어야 한다.,As a result와 therefore가 순서를 결정한다.
33,순서배열형,대조와 결론,"주어진 글 다음에 이어질 글의 순서로 가장 적절한 것은?
Remote work has reduced commuting time for many employees. Yet its long-term effect on collaboration is still debated.
(A) Some workers say that video meetings are enough for routine tasks.
(B) Others argue that trust and creative ideas often develop through informal conversation.
(C) A balanced policy may therefore combine remote work with planned in-person meetings.",(A) - (B) - (C),(B) - (C) - (A),(C) - (A) - (B),(A) - (C) - (B),1,"한쪽 견해(A), 반대 견해(B), 절충 결론(C)의 흐름이다.",재택근무는 많은 직원들의 통근 시간을 줄였다. 그러나 그것이 협업에 미치는 장기적 영향은 여전히 논쟁 중이다. (A) 일부 근로자들은 화상 회의가 일상적인 업무에는 충분하다고 말한다. (B) 다른 사람들은 신뢰와 창의적인 아이디어가 종종 비공식적인 대화를 통해 형성된다고 주장한다. (C) 따라서 균형 잡힌 정책은 재택근무와 계획된 대면 회의를 결합할 수 있다.,Some과 Others의 대조 뒤 결론이 온다.
34,순서배열형,사례 전개,"주어진 글 다음에 이어질 글의 순서로 가장 적절한 것은?
A museum introduced a free audio guide to make exhibitions easier to understand.
(A) Visitors who used the guide spent more time in each room.
(B) They also remembered the historical background of objects more accurately.
(C) The museum concluded that explanation can change not only what people see but also how they see it.",(C) - (B) - (A),(A) - (B) - (C),(B) - (A) - (C),(A) - (C) - (B),2,이용 행동(A) → 기억 효과(B) → 일반화된 결론(C) 순서이다.,한 박물관은 전시를 더 쉽게 이해할 수 있도록 무료 오디오 가이드를 도입했다. (A) 그 가이드를 사용한 방문객들은 각 전시실에서 더 많은 시간을 보냈다. (B) 그들은 또한 전시물의 역사적 배경을 더 정확하게 기억했다. (C) 박물관은 설명이 사람들이 무엇을 보는지만이 아니라 그것을 어떻게 보는지도 바꿀 수 있다고 결론 내렸다.,구체적 관찰 뒤에 concluded가 이끄는 결론이 온다.
35,문장삽입형,문장삽입,"주어진 문장이 들어가기 가장 적절한 곳을 고르시오.
[주어진 문장]
This is why a short delay can sometimes protect the fairness of the whole process.
A court may need to postpone a hearing when one side has not received important documents. ( [1] ) At first, delay may look inefficient. ( [2] ) But proceeding too quickly can prevent a party from preparing a meaningful response. ( [3] ) Fairness requires not only speed but also a real chance to be heard. ( [4] )",[1],[2],[3],[4],3,"앞문장에서 too quickly의 문제를 말하고, 주어진 문장이 delay의 필요성을 정리한 뒤 fairness 문장으로 이어진다.",법원은 한쪽 당사자가 중요한 문서를 받지 못했을 때 심리를 연기할 필요가 있을 수 있다. 처음에는 지연이 비효율적으로 보일 수 있다. 그러나 너무 빨리 진행하면 한 당사자가 의미 있는 답변을 준비하지 못하게 할 수 있다. 이것이 바로 짧은 지연이 때때로 전체 절차의 공정성을 보호할 수 있는 이유이다. 공정성은 속도뿐만 아니라 의견을 들을 수 있는 실질적인 기회도 요구한다.,This is why가 앞 문장의 이유 설명을 받아야 한다.
36,문장삽입형,문장삽입,"주어진 문장이 들어가기 가장 적절한 곳을 고르시오.
[주어진 문장]
Yet speed alone does not make a service just or trustworthy.
Many government services are moving online. ( [1] ) Digital forms can reduce waiting time and help citizens submit documents from home. ( [2] ) Some people, however, lack stable internet access or have difficulty understanding online instructions. ( [3] ) For them, a digital-only system may become another barrier. ( [4] )",[1],[3],[4],[2],4,"온라인 서비스의 속도 장점 뒤, speed alone의 한계를 제시하고 이어서 접근성 문제가 나온다.",많은 정부 서비스가 온라인으로 이동하고 있다. 디지털 양식은 대기 시간을 줄이고 시민들이 집에서 문서를 제출하도록 도울 수 있다. 그러나 속도만으로 서비스가 정의롭거나 신뢰할 만하게 되는 것은 아니다. 어떤 사람들은 안정적인 인터넷 접속이 부족하거나 온라인 지시 사항을 이해하는 데 어려움을 겪는다. 그들에게 디지털 전용 시스템은 또 다른 장벽이 될 수 있다.,Yet이 앞의 장점과 뒤의 한계를 연결한다.
37,문장삽입형,문장삽입,"주어진 문장이 들어가기 가장 적절한 곳을 고르시오.
[주어진 문장]
Without that shared meaning, the same words may lead to different actions.
Rules guide behavior only when people understand what the rules require. ( [1] ) A workplace may post a policy about respectful communication. ( [2] ) If employees interpret the word respectful in conflicting ways, the policy may not guide conduct effectively. ( [3] ) Training and examples can help turn a written rule into a common standard. ( [4] )",[3],[1],[2],[4],1,같은 단어가 다르게 해석되는 상황 뒤에 shared meaning의 필요성을 말하는 것이 자연스럽다.,"규칙은 사람들이 그 규칙이 무엇을 요구하는지 이해할 때에만 행동을 안내한다. 직장은 존중하는 의사소통에 관한 정책을 게시할 수 있다. 직원들이 respectful이라는 단어를 서로 충돌하는 방식으로 해석한다면, 그 정책은 행동을 효과적으로 안내하지 못할 수 있다. 그러한 공유된 의미가 없으면 같은 단어가 서로 다른 행동으로 이어질 수 있다. 훈련과 예시는 쓰인 규칙을 공통의 기준으로 바꾸는 데 도움을 줄 수 있다.",that shared meaning은 앞문장의 conflicting ways를 받는다.
38,문장삽입형,문장삽입,"주어진 문장이 들어가기 가장 적절한 곳을 고르시오.
[주어진 문장]
For this reason, the absence of a complaint is not always evidence of satisfaction.
Consumers who are dissatisfied do not always complain. ( [1] ) Some think the process will take too much time. ( [2] ) Others believe that nothing will change even if they speak up. ( [3] ) Companies should therefore examine usage patterns and repeat cancellations as well as formal complaints. ( [4] )",[1],[4],[2],[3],2,"불만을 제기하지 않는 이유들을 설명한 뒤, 불만 없음이 만족의 증거가 아니라는 결론이 와야 하고 이어서 기업의 대응이 나온다.",불만족한 소비자들이 항상 불평을 하는 것은 아니다. 어떤 사람들은 그 절차가 너무 많은 시간을 들일 것이라고 생각한다. 또 다른 사람들은 자신이 말해도 아무것도 바뀌지 않을 것이라고 믿는다. 이러한 이유로 불만 제기가 없다는 것이 항상 만족의 증거인 것은 아니다. 따라서 회사들은 공식적인 불만뿐 아니라 사용 패턴과 반복적인 취소도 살펴보아야 한다.,For this reason은 앞의 여러 이유를 종합한다.
39,문장삽입형,문장삽입,"주어진 문장이 들어가기 가장 적절한 곳을 고르시오.
[주어진 문장]
The problem arises when such convenience becomes a substitute for judgment.
Artificial intelligence can help lawyers search thousands of documents quickly. ( [1] ) It can identify patterns that might take humans many hours to notice. ( [2] ) However, legal decisions also require context, values, and responsibility. ( [3] ) A tool may assist reasoning, but it should not replace the professional duty to evaluate evidence carefully. ( [4] )",[1],[2],[3],[4],3,"AI의 편리함을 말한 뒤 그 편리함이 판단을 대체할 때 문제가 된다는 문장이 오고, 이어 법적 판단의 요소가 설명된다.","인공지능은 변호사들이 수천 개의 문서를 빠르게 검색하도록 도울 수 있다. 그것은 인간이 알아차리는 데 많은 시간이 걸릴 수 있는 패턴을 식별할 수 있다. 문제는 그러한 편리함이 판단을 대신하게 될 때 발생한다. 그러나 법적 결정에는 맥락, 가치, 책임도 필요하다. 도구는 추론을 도울 수 있지만, 증거를 신중하게 평가해야 하는 전문적 의무를 대체해서는 안 된다.",such convenience는 앞의 빠른 검색과 패턴 식별을 받는다.
40,문장삽입형,문장삽입,"주어진 문장이 들어가기 가장 적절한 곳을 고르시오.
[주어진 문장]
That silence can be mistaken for agreement.
In a meeting, junior members may avoid expressing disagreement with senior officials. ( [1] ) They may fear that criticism will be viewed as disloyal. ( [2] ) As a result, a plan may appear to have unanimous support even when several people privately doubt it. ( [3] ) Leaders who want accurate information must actively invite different views. ( [4] )",[1],[2],[4],[3],4,침묵이 동의로 오해된다는 문장 뒤에 그 결과 만장일치처럼 보인다는 내용이 이어진다.,회의에서 하급 구성원들은 고위 공무원들에게 반대 의견을 표현하는 것을 피할 수 있다. 그들은 비판이 불충성으로 여겨질 것을 두려워할 수 있다. 그 침묵은 동의로 오해될 수 있다. 그 결과 여러 사람이 개인적으로는 의심하고 있더라도 어떤 계획이 만장일치의 지지를 받는 것처럼 보일 수 있다. 정확한 정보를 원하는 지도자는 다양한 견해를 적극적으로 요청해야 한다.,That silence는 앞의 disagreement 회피를 가리킨다.
41,요약·주제형,주제 찾기,"다음 글의 주제로 가장 적절한 것은?
Cities often plant trees to make streets more attractive, but the benefits go beyond appearance. Trees cool sidewalks, absorb rainwater, reduce air pollution, and provide small habitats for birds and insects. In neighborhoods with little shade, planting trees can also reduce heat-related health risks for older residents.",the multiple public benefits of urban trees,the history of private gardening,the cost of indoor decoration,the decline of rural transportation,1,도시 나무의 다양한 공익적 효과가 글의 중심이다.,"도시들은 흔히 거리를 더 매력적으로 만들기 위해 나무를 심지만, 그 이점은 외관을 넘어선다. 나무는 보도를 시원하게 하고, 빗물을 흡수하며, 대기오염을 줄이고, 새와 곤충에게 작은 서식지를 제공한다. 그늘이 거의 없는 지역에서는 나무를 심는 것이 노인들의 열 관련 건강 위험을 줄일 수도 있다.",appearance beyond가 전환점이다. 나무의 여러 공익을 묻는다.
42,요약·주제형,요지 찾기,"다음 글의 요지로 가장 적절한 것은?
When a new technology appears, people often ask whether it is good or bad. But the better question may be how it is designed, who controls it, and what rules guide its use. The same tool can expand access in one setting and increase inequality in another.",All technologies produce the same results everywhere.,The social effect of technology depends on its design and governance.,New technology should always be rejected immediately.,Only experts can understand technological change.,2,"기술의 효과는 설계, 통제, 규칙에 따라 달라진다는 요지이다.","새로운 기술이 등장하면 사람들은 흔히 그것이 좋은지 나쁜지를 묻는다. 그러나 더 나은 질문은 그것이 어떻게 설계되는지, 누가 그것을 통제하는지, 그리고 어떤 규칙이 그 사용을 안내하는지일 수 있다. 같은 도구도 어떤 환경에서는 접근성을 확대하고, 다른 환경에서는 불평등을 증가시킬 수 있다.","good or bad보다 how, who, what rules가 핵심이다."
43,요약·주제형,요약문 완성,"다음 글의 내용을 한 문장으로 요약할 때 빈칸에 들어갈 말로 가장 적절한 것은?
People often assume that confidence comes after success. In reality, modest actions can create confidence before major success arrives. A student who studies for twenty minutes daily may begin to see herself as disciplined, and that identity then supports longer study.
⇒ Small repeated actions can build a sense of ______ that encourages further effort.",physical hunger,legal ownership,self-efficacy,geographical distance,3,작은 반복 행동이 자신이 할 수 있다는 믿음을 형성한다는 내용이다.,"사람들은 흔히 자신감이 성공 뒤에 온다고 생각한다. 실제로는 큰 성공이 오기 전에 작은 행동들이 자신감을 만들어 낼 수 있다. 매일 20분씩 공부하는 학생은 자신을 절제력 있는 사람으로 보기 시작할 수 있고, 그러한 정체성은 그 뒤에 더 긴 공부를 뒷받침한다. ⇒ 작은 반복 행동은 더 많은 노력을 격려하는 자기효능감을 형성할 수 있다.",can build a sense of 다음에는 자기 능력에 대한 믿음이 온다.
44,요약·주제형,내용일치,"다음 글의 내용과 일치하지 않는 것은?
Community mediation does not replace courts in every dispute. It is usually used when parties want to preserve a relationship, such as neighbors or family members. A mediator does not impose a judgment; instead, the mediator helps parties communicate and explore possible solutions. If mediation fails, the parties may still use formal legal procedures.",Mediation can be useful when parties wish to keep a relationship.,Mediation helps parties communicate.,Formal legal procedures may still be used if mediation fails.,A mediator imposes a final judgment on the parties.,4,조정자는 판결을 강제하지 않고 의사소통과 해결 탐색을 돕는다고 했다.,지역사회 조정은 모든 분쟁에서 법원을 대체하지 않는다. 그것은 대개 이웃이나 가족 구성원처럼 당사자들이 관계를 보존하기를 원할 때 사용된다. 조정자는 판결을 강요하지 않는다. 대신 조정자는 당사자들이 의사소통하고 가능한 해결책을 탐색하도록 돕는다. 조정이 실패하면 당사자들은 여전히 공식적인 법적 절차를 이용할 수 있다.,not impose a judgment가 핵심 단서이다.
45,요약·주제형,주제 찾기,"다음 글의 주제로 가장 적절한 것은?
Many readers believe that faster reading always means better reading. Yet difficult texts often require slow attention. A legal clause, a scientific explanation, or a philosophical argument may turn on a single phrase. In such cases, speed can become a source of misunderstanding rather than efficiency.",why some texts require slow and careful reading,how to memorize every word quickly,the economic value of publishing,the history of public libraries,1,어려운 글은 느리고 주의 깊게 읽어야 한다는 내용이다.,"많은 독자들은 더 빠른 읽기가 항상 더 나은 읽기를 의미한다고 믿는다. 그러나 어려운 글은 종종 느린 주의를 필요로 한다. 법률 조항, 과학적 설명, 철학적 논증은 하나의 구절에 달려 있을 수 있다. 그런 경우 속도는 효율성이 아니라 오해의 원인이 될 수 있다.",Yet 이후가 필자의 핵심 주장이다.
46,요약·주제형,요지 찾기,"다음 글의 요지로 가장 적절한 것은?
A promise is not valuable merely because it is spoken. It becomes meaningful when others can reasonably rely on it. If a public official announces a policy and citizens arrange their lives around that announcement, sudden reversal may cause harm even if the first statement was not a formal contract.",Promises have no social function.,Public statements can create reliance that deserves careful consideration.,Only written contracts influence behavior.,Citizens should never trust public information.,2,공식 계약이 아니더라도 공적 발언이 신뢰와 의존을 만들 수 있다는 요지이다.,"약속은 단지 말해졌다는 이유만으로 가치 있는 것이 아니다. 그것은 다른 사람들이 합리적으로 의존할 수 있을 때 의미 있게 된다. 공무원이 정책을 발표하고 시민들이 그 발표를 기준으로 자신의 삶을 조정한다면, 첫 번째 발언이 공식적인 계약이 아니었더라도 갑작스러운 번복은 피해를 초래할 수 있다.","rely on it, arrange their lives가 핵심 단서이다."
47,요약·주제형,내용추론,"다음 글을 통해 추론할 수 있는 내용으로 가장 적절한 것은?
A library noticed that many visitors used computers to complete government forms. When the library reduced computer hours, complaints increased, especially from older residents and people without home internet. The library then restored some hours and added volunteer assistance.",All visitors came only to borrow printed novels.,Older residents preferred shorter computer hours.,"For some residents, the library served as an access point to public services.",Volunteer assistance was unrelated to digital access.,3,정부 양식 작성과 인터넷이 없는 사람의 불편이 나오므로 공공서비스 접근점 역할을 했다고 볼 수 있다.,"한 도서관은 많은 방문객들이 정부 양식을 작성하기 위해 컴퓨터를 사용한다는 점을 알게 되었다. 도서관이 컴퓨터 이용 시간을 줄였을 때 불만이 증가했는데, 특히 노인 주민들과 집에 인터넷이 없는 사람들에게서 그러했다. 그 후 도서관은 일부 이용 시간을 복원하고 자원봉사 지원을 추가했다.",government forms와 without home internet을 함께 보라.
48,요약·주제형,요약문 완성,"다음 글의 내용을 한 문장으로 요약할 때 빈칸에 들어갈 말로 가장 적절한 것은?
In group decisions, people sometimes accept a weak proposal because nobody wants to be the first to object. Each person assumes that everyone else supports the plan. The final decision may therefore reflect social pressure more than genuine agreement.
⇒ Silence in groups may create a false impression of ______.",weather change,physical strength,private ownership,consensus,4,집단의 침묵이 진정한 합의처럼 보이게 한다는 내용이다.,집단 의사결정에서 사람들은 때때로 아무도 먼저 반대하고 싶어 하지 않기 때문에 약한 제안을 받아들인다. 각 사람은 다른 모든 사람들이 그 계획을 지지한다고 추정한다. 따라서 최종 결정은 진정한 합의보다 사회적 압력을 더 많이 반영할 수 있다. ⇒ 집단에서의 침묵은 합의라는 거짓 인상을 만들어 낼 수 있다.,genuine agreement와 연결되는 명사를 찾는다.
49,요약·주제형,내용일치,"다음 글의 내용과 일치하지 않는 것은?
Restorative justice focuses on repairing harm rather than merely imposing punishment. It may involve dialogue among victims, offenders, and community members when participation is voluntary and safe. The goal is not to excuse wrongdoing, but to acknowledge harm and consider meaningful responsibility.",Restorative justice excuses wrongdoing by avoiding responsibility.,It focuses on repairing harm.,Participation should be voluntary and safe.,It may include dialogue among affected people.,1,글은 잘못을 면제하는 것이 아니라 책임을 고려한다고 했다.,"회복적 사법은 단순히 처벌을 부과하는 것보다 피해를 회복하는 데 초점을 맞춘다. 그것은 참여가 자발적이고 안전할 때 피해자, 가해자, 지역사회 구성원 사이의 대화를 포함할 수 있다. 목표는 잘못을 변명하는 것이 아니라 피해를 인정하고 의미 있는 책임을 고려하는 것이다.",not to excuse wrongdoing가 직접 단서이다.
50,요약·주제형,주제 찾기,"다음 글의 주제로 가장 적절한 것은?
Errors in public records may seem small, but they can have serious consequences. A misspelled name may delay a passport, an outdated address may cause a person to miss a hearing, and an incorrect birth date may block access to benefits. Accuracy in records is therefore a matter of fairness as well as administration.",the popularity of international travel,the importance of accurate public records,the history of spelling reforms,the benefits of handwritten letters,2,공공기록의 정확성이 행정뿐 아니라 공정성과도 관련된다는 내용이다.,"공공 기록의 오류는 작아 보일 수 있지만 심각한 결과를 가져올 수 있다. 이름의 철자 오류는 여권 발급을 지연시킬 수 있고, 오래된 주소는 어떤 사람이 심리에 참석하지 못하게 만들 수 있으며, 잘못된 생년월일은 혜택 접근을 차단할 수 있다. 따라서 기록의 정확성은 행정뿐만 아니라 공정성의 문제이기도 하다.",therefore 뒤의 accuracy in records가 주제이다.
51,빈칸추론형,고난도 추론,A society that values free speech must tolerate many statements that are mistaken or unpopular. But tolerance does not require treating every claim as equally reliable. Public debate works best when people can criticize ideas while still protecting the ______ to express them.,habit,price,right,machine,3,표현의 자유 사회에서는 주장 비판과 표현할 권리 보호를 구분한다.,표현의 자유를 중시하는 사회는 잘못되었거나 인기 없는 많은 발언을 용인해야 한다. 그러나 용인이 모든 주장을 똑같이 신뢰할 만한 것으로 취급해야 한다는 뜻은 아니다. 공적 토론은 사람들이 생각을 비판할 수 있으면서도 그것을 표현할 권리를 여전히 보호할 때 가장 잘 작동한다.,criticize ideas와 protecting의 목적어를 구분한다.
52,어법오류찾기,도치·조건,"다음 문장에서 어법상 틀린 부분을 고르시오.
Had the agency (1) disclosed the risk earlier, residents (2) could have taken precautions, and the damage (3) might have been significantly (4) reduce.",(1) disclosed,(2) could have taken,(3) might have been,(4) reduce,4,수동 완료형이므로 reduced가 필요하다.,"그 기관이 위험을 더 일찍 공개했더라면, 주민들은 예방 조치를 취할 수 있었을 것이고 피해는 상당히 줄어들 수 있었을 것이다.",might have been 뒤에는 과거분사가 와야 한다.
53,어휘·독해형,문맥상 어휘,"다음 문장에서 빈칸에 들어갈 가장 적절한 어휘를 고르시오.
A judge must be impartial, but impartiality does not mean being indifferent to facts. It means evaluating each claim without ______.",bias,evidence,procedure,jurisdiction,1,impartiality는 편견 없이 판단하는 것이므로 bias가 맞다.,"판사는 공정해야 하지만, 공정성이 사실에 무관심하다는 뜻은 아니다. 그것은 각 주장을 편견 없이 평가한다는 뜻이다.",impartial과 가장 직접적으로 대비되는 명사를 찾는다.
54,순서배열형,순서배열,"주어진 글 다음에 이어질 글의 순서로 가장 적절한 것은?
A nonprofit group began publishing simple summaries of complex court decisions.
(A) The summaries did not replace the original decisions, but they helped citizens understand the main issues.
(B) As more people used them, journalists also began linking to the summaries when reporting legal news.
(C) The project showed that accessibility can increase public engagement with the legal system.",(B) - (A) - (C),(A) - (B) - (C),(C) - (A) - (B),(A) - (C) - (B),2,요약의 기능(A) → 이용 확산(B) → 프로젝트의 의미(C) 순서이다.,"한 비영리 단체가 복잡한 법원 판결에 대한 간단한 요약문을 공개하기 시작했다. (A) 그 요약문들은 원래 판결문을 대체하지는 않았지만, 시민들이 주요 쟁점을 이해하는 데 도움을 주었다. (B) 더 많은 사람들이 그것들을 사용하게 되면서, 기자들도 법률 뉴스를 보도할 때 그 요약문에 링크를 걸기 시작했다. (C) 그 프로젝트는 접근성이 법체계에 대한 대중의 참여를 높일 수 있음을 보여 주었다.","구체 기능에서 확산, 결론으로 이어진다."
55,문장삽입형,문장삽입,"주어진 문장이 들어가기 가장 적절한 곳을 고르시오.
[주어진 문장]
In other words, equal treatment may sometimes require different forms of support.
A courthouse that provides only stairs treats everyone the same in a narrow sense. ( [1] ) Everyone must use the same entrance. ( [2] ) But people using wheelchairs cannot actually enter on equal terms. ( [3] ) Ramps and elevators do not create unfair privilege; they make access real. ( [4] )",[1],[2],[4],[3],3,경사로와 엘리베이터가 실제 접근을 보장한다는 문장 뒤에 동등 대우가 다른 지원을 필요로 한다는 정리가 자연스럽다.,"계단만 제공하는 법원은 좁은 의미에서는 모든 사람을 똑같이 대우한다. 모든 사람이 같은 출입구를 사용해야 한다. 그러나 휠체어를 사용하는 사람들은 실제로는 동등한 조건으로 들어갈 수 없다. 경사로와 엘리베이터는 부당한 특권을 만드는 것이 아니라 접근을 현실적인 것으로 만든다. 다시 말해, 동등한 대우는 때때로 서로 다른 형태의 지원을 필요로 할 수 있다.",In other words는 앞 내용을 요약·재진술한다.
56,요약·주제형,요지 찾기,"다음 글의 요지로 가장 적절한 것은?
Legal language can protect precision, but it can also exclude ordinary readers. A well-written public notice should keep necessary legal accuracy while removing unnecessary complexity. Clarity is not the enemy of law; it is one of the conditions for people to obey it knowingly.",Legal notices should be difficult to read.,Ordinary readers do not need legal information.,Precision and clarity can never coexist.,Legal accuracy should be combined with public clarity.,4,법적 정확성과 대중적 명확성을 함께 추구해야 한다는 요지이다.,"법률 언어는 정확성을 보호할 수 있지만, 일반 독자들을 배제할 수도 있다. 잘 쓰인 공적 안내문은 필요한 법적 정확성은 유지하면서 불필요한 복잡성은 제거해야 한다. 명확성은 법의 적이 아니라 사람들이 그것을 알고 따르기 위한 조건 중 하나이다.",not the enemy of law가 핵심 주장이다.
57,빈칸추론형,연결어 추론,"The witness seemed nervous during direct examination. ______, her nervousness alone did not prove that she was lying; many truthful witnesses become anxious in court.",However,Therefore,Likewise,For example,1,긴장했지만 그것만으로 거짓을 증명하지는 않는 대조이므로 However가 적절하다.,그 증인은 주신문 중에 긴장해 보였다. 그러나 그녀의 긴장만으로 그녀가 거짓말을 하고 있었다는 것을 증명하지는 않았다. 많은 진실한 증인들도 법정에서 불안해지기 때문이다.,앞뒤 문장의 방향이 반대이다.
58,어법오류찾기,분사·관계절,"다음 문장에서 어법상 틀린 부분을 고르시오.
Documents (1) containing personal data must be stored securely, and employees (2) who handle them (3) is required to complete annual training (4) on privacy rules.",(1) containing,(3) is required,(2) who handle,(4) on privacy rules,2,employees가 복수이므로 are required가 되어야 한다.,"개인정보를 포함한 문서는 안전하게 보관되어야 하며, 그것들을 다루는 직원들은 개인정보 규칙에 관한 연례 교육을 이수해야 한다.",employees가 선행사이자 주어이다. 동사의 수를 확인한다.
59,어휘·독해형,법률 어휘,"다음 문장에서 빈칸에 들어갈 가장 적절한 어휘를 고르시오.
The appeal court did not retry every fact; it examined whether the lower court had made a serious legal ______.",festival,recipe,error,shelter,3,상급심은 법적 오류 여부를 살핀다는 내용이다.,항소법원은 모든 사실을 다시 심리하지 않았다. 그것은 하급심이 중대한 법적 오류를 범했는지를 검토했다.,appeal court와 lower court는 legal error와 자주 연결된다.
60,요약·주제형,내용일치,"다음 글의 내용과 일치하지 않는 것은?
Scientific evidence in court must be explained in language that judges and jurors can understand. Experts may use technical methods, but their conclusions should be connected to the legal question at issue. Evidence that is impressive but irrelevant may confuse rather than assist the decision maker.",Experts may use technical methods.,Scientific conclusions should relate to the legal issue.,Unclear or irrelevant evidence may confuse decision makers.,Impressive scientific evidence is always useful even when it is irrelevant.,4,글은 관련 없는 인상적인 증거가 오히려 혼란을 줄 수 있다고 했다.,"법정의 과학적 증거는 판사와 배심원이 이해할 수 있는 언어로 설명되어야 한다. 전문가들은 전문적인 방법을 사용할 수 있지만, 그들의 결론은 쟁점이 되는 법적 질문과 연결되어야 한다. 인상적이지만 관련 없는 증거는 의사결정자를 돕기보다 혼란스럽게 할 수 있다.",irrelevant may confuse가 직접 단서이다.
